year,profit_per_gambler,visits_per_gambler,ruin_events_per_gambler,active_share_year_end
1,1499.9446,4.20668,0.250305,0.958159
2,1460.2894,3.86050,0.219504,0.934904
3,1428.6011,3.80469,0.182956,0.924249
4,1415.2351,3.77420,0.167544,0.918274
5,1405.5938,3.74805,0.158381,0.914232
6,1399.6170,3.73480,0.152970,0.911067
7,1392.7146,3.71848,0.146391,0.908253
8,1387.6241,3.70561,0.142021,0.905423
9,1381.6146,3.69074,0.136042,0.903277
10,1375.1729,3.67883,0.131574,0.901079
11,1372.6425,3.66986,0.128383,0.898774
12,1367.0899,3.65829,0.124486,0.896760
13,1362.4064,3.64794,0.121771,0.894646
14,1357.0901,3.63445,0.117047,0.892940
15,1354.2587,3.63014,0.114150,0.890944
16,1350.2057,3.61943,0.109623,0.889105
17,1346.1151,3.60806,0.107150,0.887460
18,1342.5613,3.60163,0.103811,0.885598
19,1338.5265,3.59092,0.100457,0.883793
20,1333.7268,3.58297,0.097747,0.882563
21,1331.3885,3.57448,0.095103,0.880963
22,1327.6481,3.56594,0.092492,0.879650
23,1325.8421,3.56236,0.090048,0.878360
24,1321.2744,3.55406,0.087245,0.876933
25,1319.2364,3.54656,0.085589,0.875435
26,1315.3191,3.53803,0.082871,0.874320
27,1313.5409,3.53354,0.080755,0.873027
28,1309.5348,3.52706,0.078826,0.871655
29,1307.1715,3.51994,0.076321,0.870832
30,1304.8498,3.51472,0.074247,0.869415
31,1300.5764,3.50744,0.072272,0.868285
32,1300.5988,3.50273,0.070012,0.867316
33,1296.8648,3.49535,0.068878,0.866273
34,1294.6907,3.49222,0.067086,0.865222
35,1292.3757,3.48703,0.064881,0.864192
36,1289.3292,3.48050,0.063106,0.863490
37,1288.3601,3.47833,0.061665,0.862273
38,1285.0442,3.47196,0.059596,0.861373
39,1283.0211,3.46448,0.058152,0.860438
40,1280.6986,3.46147,0.057022,0.859628
41,1278.6511,3.45646,0.055889,0.858636
42,1276.4905,3.45184,0.053761,0.857938
43,1275.1777,3.44705,0.052945,0.857378
44,1274.8171,3.44613,0.052329,0.856710
45,1272.4380,3.44130,0.050925,0.855830
46,1269.4852,3.43628,0.049943,0.854991
47,1267.4358,3.43111,0.048418,0.854275
48,1266.1254,3.42961,0.046629,0.853564
49,1265.3776,3.42763,0.046545,0.852855
50,1263.3079,3.42174,0.044719,0.852140
51,1260.7862,3.41714,0.043777,0.851530
52,1258.8835,3.41244,0.042997,0.850777
53,1258.0710,3.41125,0.041594,0.850204
54,1256.9580,3.40789,0.040476,0.849650
55,1255.0650,3.40367,0.039210,0.849143
56,1253.1878,3.40059,0.038761,0.848376
57,1253.8513,3.40054,0.037503,0.847994
58,1252.2552,3.39722,0.036852,0.847281
59,1250.6239,3.39228,0.035723,0.846736
60,1248.7870,3.38932,0.035469,0.846200
61,1247.0148,3.38784,0.034562,0.845777
62,1244.5842,3.38416,0.033628,0.845022
63,1243.4639,3.37841,0.032779,0.844476
64,1242.4982,3.37711,0.032533,0.844106
65,1241.6670,3.37424,0.031453,0.843676
66,1239.2984,3.37008,0.031354,0.843061
67,1239.3836,3.36983,0.030233,0.842485
68,1237.8602,3.36604,0.029276,0.841983
69,1235.4924,3.36201,0.028646,0.841518
70,1236.3496,3.36359,0.028223,0.841361
71,1234.7087,3.36178,0.027396,0.840922
72,1234.1572,3.35893,0.027179,0.840313
73,1230.8295,3.35433,0.026005,0.839942
74,1230.6859,3.35168,0.025891,0.839513
75,1229.1329,3.34961,0.025617,0.839039
76,1228.6428,3.34663,0.024544,0.838658
77,1228.8181,3.34816,0.024332,0.838236
78,1226.5496,3.34369,0.023910,0.837790
79,1227.1524,3.34367,0.022906,0.837560
80,1224.6343,3.34127,0.022885,0.837225
81,1223.5506,3.33744,0.022510,0.836748
82,1223.2909,3.33503,0.021609,0.836445
83,1222.8148,3.33573,0.021269,0.836106
84,1222.2817,3.33296,0.021025,0.835762
85,1219.7555,3.32942,0.020640,0.835414
86,1220.9905,3.33135,0.019995,0.835101
87,1218.5569,3.32642,0.019721,0.834844
88,1218.1424,3.32646,0.019364,0.834572
89,1217.3595,3.32430,0.019127,0.834215
90,1217.2471,3.32405,0.018848,0.833945
91,1215.3561,3.31899,0.018813,0.833602
92,1216.4480,3.32129,0.017825,0.833267
93,1214.4145,3.31935,0.017389,0.832932
94,1213.4835,3.31597,0.017416,0.832611
95,1213.1528,3.31686,0.016722,0.832419
96,1213.1778,3.31587,0.016744,0.832006
97,1211.1845,3.31235,0.016227,0.831786
98,1210.2790,3.31078,0.015916,0.831444
99,1209.5223,3.30731,0.015735,0.831182
100,1209.1000,3.30624,0.015310,0.830870
101,1208.0151,3.30344,0.015225,0.830624
102,1208.6829,3.30376,0.015159,0.830437
103,1206.2752,3.30208,0.014774,0.830149
104,1206.8403,3.30127,0.014144,0.829900
105,1204.9417,3.29891,0.013829,0.829693
106,1205.2152,3.29911,0.013604,0.829340
107,1203.5866,3.29577,0.013708,0.829155
108,1203.9556,3.29608,0.013282,0.828871
109,1202.9878,3.29383,0.012984,0.828656
110,1202.1831,3.29368,0.012860,0.828348
111,1201.5463,3.29168,0.012475,0.828163
112,1201.2574,3.29218,0.012544,0.827880
113,1200.5182,3.29046,0.012073,0.827607
114,1200.7320,3.28774,0.011892,0.827439
115,1199.0756,3.28731,0.011786,0.827205
116,1199.2629,3.28739,0.011248,0.826988
117,1199.4532,3.28703,0.011196,0.826892
118,1198.5745,3.28590,0.011081,0.826644
119,1197.4665,3.28385,0.010965,0.826470
120,1196.9437,3.28158,0.010849,0.826173
121,1195.8001,3.28121,0.010641,0.825989
122,1197.0311,3.27989,0.010593,0.825820
123,1193.8795,3.27732,0.010099,0.825635
124,1194.2124,3.27752,0.009930,0.825413
125,1195.5260,3.28045,0.009978,0.825232
126,1194.3111,3.27583,0.009698,0.825067
127,1193.8555,3.27558,0.009551,0.824940
128,1193.7177,3.27678,0.009521,0.824786
129,1193.2798,3.27472,0.009421,0.824559
130,1192.2039,3.27271,0.009339,0.824393
131,1191.4179,3.27167,0.008944,0.824250
132,1191.3099,3.27085,0.008906,0.824031
133,1190.4093,3.26980,0.008779,0.823847
134,1190.8036,3.26929,0.008527,0.823614
135,1189.6955,3.26913,0.008579,0.823445
136,1189.1065,3.26599,0.008323,0.823319
137,1188.9459,3.26511,0.008186,0.823156
138,1189.0013,3.26621,0.008044,0.822944
139,1188.1876,3.26549,0.007824,0.822864
140,1189.0441,3.26453,0.008085,0.822682
141,1187.9999,3.26431,0.007665,0.822444
142,1186.4809,3.26126,0.007478,0.822304
143,1185.8415,3.25953,0.007553,0.822106
144,1186.0369,3.25892,0.007367,0.821993
145,1185.6113,3.25916,0.007152,0.821851
146,1186.2005,3.25946,0.007168,0.821763
147,1185.3168,3.25818,0.007157,0.821653
148,1184.5102,3.25640,0.007328,0.821529
149,1183.4875,3.25555,0.006943,0.821336
150,1184.0945,3.25693,0.006776,0.821198
151,1182.7778,3.25351,0.006618,0.820993
152,1182.3783,3.25294,0.006581,0.820954
153,1182.9048,3.25410,0.006653,0.820745
154,1183.2796,3.25446,0.006371,0.820605
155,1181.3753,3.25237,0.006416,0.820493
156,1181.2958,3.24993,0.006245,0.820345
157,1182.3125,3.25235,0.006122,0.820245
158,1181.1554,3.25189,0.006199,0.820152
159,1180.4138,3.25045,0.006287,0.819958
160,1180.1110,3.24939,0.005694,0.819880
161,1179.4935,3.24684,0.005803,0.819686
162,1180.7399,3.25078,0.005856,0.819631
163,1179.9271,3.24744,0.005740,0.819495
164,1180.0591,3.24851,0.005771,0.819387
165,1179.8630,3.24822,0.005982,0.819200
166,1178.7074,3.24400,0.005504,0.819109
167,1178.9797,3.24499,0.005403,0.819023
168,1178.0723,3.24507,0.005326,0.818915
169,1177.4794,3.24422,0.005329,0.818841
170,1178.3214,3.24580,0.005318,0.818722
171,1176.3181,3.24255,0.005479,0.818564
172,1176.1464,3.24156,0.005260,0.818468
173,1177.2538,3.24223,0.005095,0.818305
174,1175.2723,3.23917,0.005269,0.818180
175,1176.4484,3.23996,0.005013,0.818105
176,1176.2283,3.23923,0.004930,0.817991
177,1174.0380,3.23742,0.004966,0.817861
178,1175.4497,3.23816,0.004826,0.817746
179,1174.7870,3.23706,0.004987,0.817611
180,1174.4552,3.23802,0.004945,0.817448
181,1173.8567,3.23687,0.004670,0.817403
182,1173.7026,3.23557,0.004577,0.817341
183,1173.9915,3.23837,0.004676,0.817219
184,1172.9088,3.23437,0.004795,0.817063
185,1173.1159,3.23411,0.004693,0.816983
186,1172.7719,3.23500,0.004506,0.816887
187,1173.4638,3.23463,0.004345,0.816715
188,1172.2559,3.23250,0.004375,0.816665
189,1172.1874,3.23402,0.004418,0.816535
190,1170.4572,3.23124,0.004390,0.816474
191,1170.1879,3.22913,0.004301,0.816370
192,1171.5819,3.23000,0.004250,0.816266
193,1170.8232,3.22879,0.004420,0.816088
194,1171.5949,3.23212,0.004131,0.816005
195,1170.1402,3.22969,0.004255,0.815896
196,1170.3040,3.22915,0.004188,0.815816
197,1170.6255,3.22923,0.003957,0.815738
198,1169.6377,3.22739,0.003976,0.815647
199,1169.2401,3.22867,0.003899,0.815593
200,1168.9862,3.22693,0.003770,0.815469
201,1168.5988,3.22716,0.003916,0.815332
202,1168.2963,3.22489,0.003626,0.815287
203,1166.9445,3.22384,0.003799,0.815193
204,1168.6356,3.22762,0.003873,0.815138
205,1168.3260,3.22492,0.003775,0.815011
206,1167.6322,3.22416,0.003675,0.814918
207,1166.6581,3.22485,0.003579,0.814844
208,1168.1925,3.22565,0.003702,0.814790
209,1165.7333,3.22411,0.003569,0.814743
210,1168.1251,3.22410,0.003412,0.814626
211,1165.5687,3.22016,0.003457,0.814553
212,1167.0939,3.22229,0.003505,0.814470
213,1165.8140,3.22089,0.003595,0.814351
214,1165.6620,3.21993,0.003539,0.814234
215,1166.0510,3.22119,0.003490,0.814105
216,1166.5778,3.21988,0.003334,0.814048
217,1165.0316,3.21872,0.003417,0.813952
218,1164.9599,3.22152,0.003308,0.813904
219,1164.6025,3.22025,0.003210,0.813805
220,1164.0713,3.21638,0.003203,0.813729
221,1164.7476,3.21819,0.003151,0.813656
222,1164.9042,3.21942,0.003313,0.813631
223,1163.4574,3.21646,0.003237,0.813532
224,1164.0112,3.21688,0.003061,0.813385
225,1162.3464,3.21550,0.002987,0.813320
226,1164.0277,3.21803,0.003100,0.813287
227,1163.7522,3.21668,0.003089,0.813190
228,1162.8580,3.21292,0.003085,0.813084
229,1163.7541,3.21577,0.002939,0.813015
230,1163.0324,3.21488,0.003002,0.812885
231,1161.1832,3.21175,0.002973,0.812859
232,1162.0910,3.21233,0.002974,0.812776
233,1161.9814,3.21241,0.002899,0.812696
234,1161.5967,3.21345,0.002853,0.812590
235,1162.4720,3.21315,0.002741,0.812535
236,1160.9113,3.21067,0.002902,0.812510
237,1160.5807,3.21222,0.002729,0.812423
238,1160.1171,3.20908,0.002619,0.812402
239,1161.2499,3.21053,0.002875,0.812329
240,1160.6447,3.20969,0.002969,0.812228
241,1160.5287,3.20909,0.002661,0.812167
242,1161.1788,3.21075,0.002768,0.812101
243,1160.8838,3.21076,0.002875,0.811995
244,1161.3871,3.21255,0.002759,0.811910
245,1159.7099,3.20834,0.002633,0.811856
246,1160.0443,3.20819,0.002553,0.811801
247,1159.7958,3.20889,0.002729,0.811767
248,1160.1448,3.20778,0.002559,0.811694
249,1160.6253,3.20886,0.002573,0.811580
250,1160.0092,3.21011,0.002518,0.811511
251,1158.3488,3.20541,0.002610,0.811462
252,1159.0262,3.20642,0.002611,0.811388
253,1158.6404,3.20749,0.002672,0.811217
254,1156.9724,3.20515,0.002547,0.811130
255,1156.8694,3.20269,0.002584,0.811036
256,1157.2140,3.20506,0.002508,0.810993
257,1158.1444,3.20445,0.002392,0.810999
258,1157.3163,3.20337,0.002358,0.810946
259,1155.9220,3.20157,0.002407,0.810927
260,1157.6760,3.20463,0.002343,0.810818
261,1157.6235,3.20406,0.002455,0.810725
262,1156.5914,3.20482,0.002387,0.810650
263,1156.1145,3.20233,0.002445,0.810603
264,1156.4734,3.20301,0.002375,0.810545
265,1156.0210,3.20208,0.002275,0.810485
266,1155.2047,3.20065,0.002211,0.810462
267,1155.4838,3.20149,0.002326,0.810362
268,1155.4891,3.19986,0.002263,0.810294
269,1155.7515,3.20052,0.002278,0.810242
270,1156.4981,3.20092,0.002149,0.810194
271,1155.4650,3.19970,0.002319,0.810122
272,1155.0383,3.19946,0.002224,0.810037
273,1154.8178,3.19790,0.002177,0.810010
274,1154.9441,3.20035,0.002283,0.809918
275,1155.4154,3.20024,0.002243,0.809881
276,1155.7752,3.20189,0.002203,0.809791
277,1153.5680,3.19692,0.002205,0.809763
278,1154.8542,3.19731,0.002188,0.809704
279,1153.1316,3.19643,0.002039,0.809610
280,1154.3650,3.19745,0.002024,0.809568
281,1152.8327,3.19685,0.002115,0.809504
282,1153.6788,3.19690,0.002054,0.809449
283,1153.2018,3.19452,0.002122,0.809387
284,1153.9706,3.19758,0.002040,0.809345
285,1153.2353,3.19651,0.002043,0.809310
286,1153.7070,3.19752,0.002009,0.809254
287,1152.4022,3.19429,0.002061,0.809193
288,1152.7964,3.19369,0.001990,0.809124
289,1152.9989,3.19535,0.002050,0.809082
290,1152.7951,3.19586,0.002063,0.809007
291,1152.5209,3.19410,0.001935,0.808950
292,1152.4063,3.19346,0.002042,0.808877
293,1150.9781,3.19297,0.001945,0.808797
294,1151.8099,3.19210,0.001965,0.808794
295,1152.4968,3.19529,0.001923,0.808726
296,1151.2757,3.19444,0.001984,0.808665
297,1151.8406,3.19302,0.002064,0.808613
298,1152.0640,3.19277,0.002003,0.808570
299,1151.1429,3.19105,0.001982,0.808530
300,1151.3751,3.19144,0.001991,0.808494
301,1150.6119,3.19000,0.002004,0.808409
302,1151.5170,3.19242,0.001910,0.808349
303,1150.4716,3.19079,0.002023,0.808288
304,1151.0015,3.19098,0.001880,0.808245
305,1151.1860,3.19059,0.001708,0.808238
306,1150.6335,3.19041,0.001858,0.808153
307,1150.6571,3.19016,0.001762,0.808104
308,1150.5183,3.19074,0.001865,0.808045
309,1151.4011,3.18915,0.001819,0.807998
310,1150.2524,3.18973,0.001910,0.807941
311,1149.3552,3.18691,0.001788,0.807902
312,1149.4601,3.18735,0.001824,0.807822
313,1151.1511,3.18960,0.001752,0.807763
314,1149.2810,3.18814,0.001836,0.807726
315,1148.5214,3.18520,0.001879,0.807650
316,1149.1540,3.18771,0.001777,0.807609
317,1149.8371,3.19052,0.001887,0.807563
318,1148.4906,3.18520,0.001807,0.807516
319,1148.7495,3.18730,0.001673,0.807474
320,1148.9367,3.18567,0.001641,0.807424
321,1148.8452,3.18855,0.001745,0.807343
322,1148.5777,3.18582,0.001770,0.807321
323,1148.2158,3.18508,0.001760,0.807267
324,1147.4052,3.18550,0.001755,0.807207
325,1149.3446,3.18673,0.001622,0.807169
326,1147.2079,3.18313,0.001589,0.807120
327,1148.8742,3.18650,0.001653,0.807054
328,1147.4916,3.18385,0.001683,0.806991
329,1146.3511,3.18148,0.001702,0.806969
330,1146.4178,3.18249,0.001617,0.806921
331,1146.8637,3.18315,0.001746,0.806861
332,1147.9328,3.18422,0.001635,0.806812
333,1147.6050,3.18414,0.001651,0.806755
334,1147.4429,3.18580,0.001734,0.806745
335,1146.3903,3.18241,0.001707,0.806663
336,1146.4257,3.18205,0.001667,0.806628
337,1147.3247,3.18411,0.001533,0.806612
338,1146.3780,3.18173,0.001639,0.806513
339,1146.8018,3.18220,0.001531,0.806481
340,1146.3948,3.18344,0.001522,0.806458
341,1146.4675,3.18379,0.001572,0.806403
342,1146.4300,3.18170,0.001596,0.806376
343,1146.8839,3.18281,0.001566,0.806305
344,1145.9015,3.18134,0.001583,0.806264
345,1145.8233,3.17994,0.001421,0.806228
346,1145.0655,3.18038,0.001543,0.806172
347,1145.3636,3.18014,0.001536,0.806125
348,1145.7707,3.17991,0.001523,0.806070
349,1146.3127,3.18086,0.001443,0.806025
350,1145.2883,3.17918,0.001480,0.806006
351,1144.9289,3.17759,0.001447,0.805985
352,1146.4072,3.17937,0.001552,0.805916
353,1144.9553,3.17891,0.001535,0.805879
354,1144.9700,3.17932,0.001427,0.805807
355,1144.4205,3.17940,0.001350,0.805770
356,1143.6537,3.17768,0.001563,0.805742
357,1145.2841,3.17991,0.001457,0.805726
358,1144.5430,3.17786,0.001462,0.805699
359,1145.1082,3.18006,0.001438,0.805652
360,1145.1960,3.17979,0.001494,0.805591
361,1143.4454,3.17695,0.001440,0.805572
362,1145.5628,3.17951,0.001440,0.805521
363,1144.0630,3.17548,0.001406,0.805491
364,1144.1681,3.17770,0.001486,0.805416
365,1143.4951,3.17614,0.001404,0.805384
366,1143.0533,3.17558,0.001435,0.805332
367,1144.7886,3.17939,0.001434,0.805300
368,1142.6831,3.17467,0.001445,0.805279
369,1142.5293,3.17486,0.001370,0.805230
370,1144.7345,3.17875,0.001442,0.805192
371,1143.4527,3.17619,0.001400,0.805127
372,1142.9228,3.17635,0.001439,0.805102
373,1143.3732,3.17828,0.001416,0.805068
374,1143.0067,3.17384,0.001493,0.805028
375,1143.4531,3.17599,0.001392,0.804978
376,1143.3878,3.17501,0.001376,0.804943
377,1141.6268,3.17274,0.001328,0.804883
378,1142.2982,3.17443,0.001319,0.804840
379,1142.5355,3.17370,0.001363,0.804786
380,1142.6215,3.17552,0.001264,0.804714
381,1142.0820,3.17468,0.001340,0.804662
382,1141.6073,3.17277,0.001337,0.804633
383,1142.3677,3.17436,0.001326,0.804593
384,1141.6550,3.17201,0.001275,0.804529
385,1142.0045,3.17297,0.001238,0.804509
386,1140.1599,3.17190,0.001339,0.804469
387,1141.5710,3.17126,0.001351,0.804412
388,1141.0278,3.17110,0.001315,0.804366
389,1141.0548,3.17291,0.001303,0.804312
390,1141.6344,3.17274,0.001245,0.804288
391,1141.7501,3.17182,0.001184,0.804267
392,1141.0912,3.17183,0.001225,0.804226
393,1141.3293,3.17309,0.001201,0.804216
394,1141.0300,3.16983,0.001215,0.804177
395,1140.9873,3.17212,0.001289,0.804134
396,1140.9749,3.17125,0.001220,0.804126
397,1140.9676,3.16908,0.001271,0.804052
398,1140.0964,3.16981,0.001271,0.804006
399,1138.6701,3.16594,0.001229,0.803958
400,1140.4335,3.16988,0.001195,0.803947
401,1140.5208,3.17042,0.001225,0.803918
402,1140.2475,3.17046,0.001209,0.803858
403,1140.2317,3.16982,0.001227,0.803826
404,1140.7269,3.16982,0.001337,0.803787
405,1140.0645,3.17002,0.001236,0.803748
406,1140.6554,3.17124,0.001282,0.803695
407,1139.9943,3.17022,0.001107,0.803665
408,1139.8052,3.16896,0.001186,0.803643
409,1139.3398,3.16865,0.001185,0.803576
410,1139.4631,3.16649,0.001161,0.803539
411,1139.9135,3.16811,0.001170,0.803494
412,1139.7861,3.16840,0.001129,0.803484
413,1139.4161,3.16704,0.001162,0.803471
414,1139.6794,3.16988,0.001070,0.803443
415,1139.6208,3.16933,0.001362,0.803349
416,1139.3493,3.16790,0.001145,0.803299
417,1138.7778,3.16705,0.001109,0.803251
418,1139.1643,3.16599,0.001089,0.803252
419,1138.4494,3.16606,0.001122,0.803211
420,1139.2532,3.16689,0.001211,0.803172
421,1138.4592,3.16641,0.001169,0.803159
422,1138.2297,3.16595,0.001075,0.803143
423,1138.1800,3.16623,0.001155,0.803104
424,1138.8805,3.16610,0.001197,0.803087
425,1138.0836,3.16602,0.001203,0.803010
426,1138.9448,3.16608,0.001146,0.802967
427,1139.3016,3.16722,0.001071,0.802929
428,1138.9617,3.16700,0.001148,0.802899
429,1137.7400,3.16422,0.001184,0.802854
430,1137.0135,3.16215,0.001162,0.802786
431,1137.3950,3.16343,0.001160,0.802739
432,1137.1308,3.16455,0.001107,0.802699
433,1137.3886,3.16320,0.000976,0.802688
434,1137.7788,3.16535,0.001049,0.802670
435,1138.0999,3.16575,0.001143,0.802646
436,1137.3518,3.16485,0.001068,0.802571
437,1136.8639,3.16430,0.001159,0.802541
438,1135.8544,3.16170,0.001008,0.802521
439,1136.6076,3.15977,0.001129,0.802473
440,1137.6473,3.16464,0.001068,0.802444
441,1137.3632,3.16448,0.001116,0.802386
442,1137.3261,3.16233,0.001089,0.802345
443,1136.7913,3.16239,0.001125,0.802340
444,1137.2678,3.16474,0.001073,0.802316
445,1136.5197,3.16217,0.001026,0.802261
446,1136.4276,3.16142,0.001099,0.802223
447,1136.1373,3.16045,0.001065,0.802203
448,1137.5291,3.16155,0.001029,0.802186
449,1135.6000,3.16256,0.001123,0.802138
450,1137.1627,3.16140,0.001102,0.802091
451,1135.8202,3.16191,0.000980,0.802063
452,1135.9330,3.15917,0.000995,0.802056
453,1136.1834,3.15941,0.000939,0.802038
454,1136.2123,3.16169,0.000987,0.801967
455,1136.4619,3.15953,0.001036,0.801929
456,1135.9143,3.16058,0.001016,0.801906
457,1135.1582,3.16022,0.001138,0.801845
458,1135.8624,3.16224,0.000982,0.801830
459,1134.5644,3.15934,0.000970,0.801823
460,1135.8012,3.15966,0.001032,0.801784
461,1134.9835,3.15860,0.001034,0.801762
462,1135.7784,3.15896,0.001064,0.801713
463,1135.4580,3.15979,0.000911,0.801681
464,1135.6051,3.15919,0.000990,0.801656
465,1135.0526,3.15849,0.001067,0.801598
466,1135.0976,3.15876,0.000887,0.801589
467,1134.3976,3.16066,0.000960,0.801558
468,1134.8538,3.15866,0.000982,0.801533
469,1134.6066,3.15701,0.000944,0.801510
470,1134.5091,3.15755,0.000954,0.801469
471,1134.3280,3.15854,0.001000,0.801428
472,1134.8885,3.15901,0.000931,0.801391
473,1133.8838,3.15672,0.000953,0.801374
474,1133.9517,3.15662,0.000939,0.801349
475,1135.1624,3.15985,0.000931,0.801339
476,1133.7366,3.15783,0.000917,0.801330
477,1134.2998,3.15799,0.001017,0.801300
478,1133.8988,3.15804,0.001021,0.801250
479,1133.8760,3.15751,0.000960,0.801243
480,1133.9534,3.15582,0.000942,0.801208
481,1134.4832,3.15941,0.000953,0.801166
482,1134.3475,3.15748,0.000900,0.801148
483,1133.8667,3.15536,0.000920,0.801120
484,1134.7478,3.15699,0.000936,0.801059
485,1133.6697,3.15545,0.000908,0.801038
486,1133.4734,3.15858,0.000900,0.801034
487,1133.6309,3.15500,0.000939,0.800981
488,1132.8758,3.15667,0.000950,0.800968
489,1132.4034,3.15434,0.000896,0.800929
490,1133.3880,3.15596,0.000864,0.800907
491,1132.7487,3.15479,0.000858,0.800901
492,1133.8381,3.15706,0.000895,0.800871
493,1132.6082,3.15470,0.000899,0.800828
494,1132.6365,3.15410,0.000794,0.800794
495,1133.1307,3.15458,0.000901,0.800750
496,1132.6942,3.15462,0.000929,0.800699
497,1133.7529,3.15619,0.000964,0.800663
498,1132.3309,3.15360,0.000974,0.800635
499,1133.1503,3.15427,0.000926,0.800619
500,1133.4607,3.15341,0.000877,0.800608
501,1131.6360,3.15172,0.000901,0.800606
502,1132.3617,3.15178,0.000865,0.800562
503,1131.9366,3.15340,0.000831,0.800525
504,1132.7472,3.15404,0.000912,0.800495
505,1132.2949,3.15259,0.000915,0.800477
506,1133.1044,3.15440,0.000804,0.800473
507,1132.6514,3.15466,0.000908,0.800446
508,1132.2324,3.15267,0.000773,0.800416
509,1132.2091,3.15436,0.000889,0.800378
510,1132.6461,3.15368,0.000799,0.800358
511,1132.6520,3.15391,0.000922,0.800332
512,1132.3967,3.15372,0.000952,0.800284
513,1132.1195,3.15332,0.000840,0.800262
514,1131.4263,3.15072,0.000883,0.800219
515,1132.1036,3.15318,0.000884,0.800176
516,1131.9189,3.15326,0.000884,0.800133
517,1130.8702,3.15225,0.000912,0.800108
518,1131.4560,3.15118,0.000853,0.800080
519,1131.9662,3.15161,0.000862,0.800063
520,1132.9345,3.15346,0.000824,0.800080
521,1131.2188,3.15273,0.000875,0.800036
522,1129.9546,3.14885,0.000792,0.800007
523,1131.3140,3.15450,0.000801,0.799955
524,1131.5307,3.15264,0.000823,0.799933
525,1131.2811,3.15063,0.000833,0.799906
526,1129.5637,3.14778,0.000940,0.799869
527,1131.3322,3.15072,0.000875,0.799838
528,1131.0241,3.14951,0.000817,0.799812
529,1130.2885,3.14808,0.000785,0.799793
530,1131.0089,3.15074,0.000714,0.799790
531,1132.1629,3.15129,0.000878,0.799755
532,1130.5253,3.14890,0.000854,0.799719
533,1130.3125,3.14967,0.000757,0.799724
534,1129.8606,3.14864,0.000838,0.799680
535,1131.1673,3.15093,0.000796,0.799663
536,1130.0361,3.14966,0.000846,0.799670
537,1130.1055,3.14834,0.000829,0.799622
538,1130.2351,3.14894,0.000746,0.799616
539,1130.2247,3.14899,0.000799,0.799580
540,1130.4323,3.14938,0.000800,0.799534
541,1129.6004,3.14840,0.000820,0.799494
542,1131.4921,3.15232,0.000799,0.799466
543,1129.9578,3.14941,0.000855,0.799440
544,1129.8175,3.14814,0.000816,0.799393
545,1130.4718,3.15034,0.000773,0.799350
546,1128.6450,3.14633,0.000797,0.799337
547,1129.8858,3.14758,0.000731,0.799307
548,1128.6427,3.14727,0.000816,0.799268
549,1130.3441,3.14729,0.000767,0.799274
550,1129.6099,3.14596,0.000783,0.799254
551,1128.5095,3.14464,0.000748,0.799213
552,1130.1952,3.15014,0.000692,0.799171
553,1128.9486,3.14568,0.000692,0.799133
554,1128.4393,3.14751,0.000757,0.799127
555,1128.6930,3.14730,0.000718,0.799085
556,1129.9534,3.14794,0.000758,0.799057
557,1130.0210,3.14592,0.000706,0.799031
558,1128.7137,3.14503,0.000754,0.798993
559,1128.2133,3.14477,0.000802,0.798983
560,1129.4615,3.14589,0.000795,0.798933
561,1128.3092,3.14616,0.000762,0.798913
562,1128.7939,3.14625,0.000768,0.798898
563,1130.1363,3.14751,0.000751,0.798889
564,1126.8119,3.14383,0.000731,0.798853
565,1129.7220,3.14598,0.000790,0.798819
566,1127.9724,3.14740,0.000740,0.798820
567,1128.5068,3.14473,0.000774,0.798798
568,1128.7115,3.14667,0.000816,0.798764
569,1129.1403,3.14722,0.000824,0.798727
570,1128.3176,3.14377,0.000760,0.798682
571,1129.0397,3.14543,0.000726,0.798657
572,1127.9523,3.14542,0.000726,0.798633
573,1128.2649,3.14408,0.000805,0.798597
574,1127.6934,3.14435,0.000710,0.798595
575,1127.4998,3.14329,0.000712,0.798585
576,1127.8378,3.14465,0.000688,0.798557
577,1126.9756,3.14175,0.000681,0.798541
578,1128.3512,3.14455,0.000766,0.798497
579,1127.5016,3.14470,0.000724,0.798457
580,1128.3801,3.14307,0.000730,0.798415
581,1127.2869,3.14186,0.000734,0.798393
582,1127.4397,3.14307,0.000712,0.798370
583,1126.6656,3.14150,0.000734,0.798348
584,1126.9853,3.14298,0.000741,0.798305
585,1126.3302,3.14149,0.000738,0.798270
586,1128.4976,3.14426,0.000758,0.798249
587,1126.9645,3.14130,0.000739,0.798224
588,1126.9392,3.14243,0.000731,0.798200
589,1127.4838,3.14388,0.000762,0.798178
590,1127.1698,3.14171,0.000642,0.798188
591,1126.7844,3.14249,0.000665,0.798185
592,1127.5075,3.14443,0.000676,0.798178
593,1126.8879,3.14219,0.000577,0.798149
594,1126.6553,3.14289,0.000693,0.798113
595,1127.4923,3.14375,0.000684,0.798104
596,1127.5838,3.14120,0.000653,0.798077
597,1126.7304,3.14033,0.000708,0.798024
598,1125.7955,3.14053,0.000694,0.798004
599,1126.0501,3.14034,0.000671,0.797991
600,1126.7192,3.14138,0.000655,0.797958
601,1126.8760,3.14263,0.000717,0.797942
602,1126.2728,3.13997,0.000743,0.797914
603,1126.5475,3.14172,0.000631,0.797920
604,1126.3493,3.14068,0.000675,0.797887
605,1126.4101,3.14180,0.000676,0.797848
606,1125.5595,3.13994,0.000679,0.797817
607,1126.9948,3.14125,0.000657,0.797790
608,1125.3628,3.13992,0.000610,0.797771
609,1126.6740,3.14194,0.000683,0.797753
610,1126.2255,3.14026,0.000686,0.797720
611,1127.4966,3.14125,0.000659,0.797687
612,1125.3321,3.13947,0.000659,0.797664
613,1125.5934,3.13838,0.000673,0.797645
614,1125.7189,3.13826,0.000650,0.797636
615,1125.8855,3.13773,0.000690,0.797627
616,1125.8235,3.14024,0.000641,0.797605
617,1125.6432,3.14092,0.000633,0.797596
618,1126.4081,3.14204,0.000683,0.797541
619,1127.2461,3.14260,0.000669,0.797517
620,1125.8932,3.13976,0.000672,0.797508
621,1125.2279,3.13957,0.000673,0.797486
622,1126.7235,3.14306,0.000629,0.797470
623,1126.2266,3.14134,0.000628,0.797460
624,1126.3116,3.13971,0.000657,0.797434
625,1125.0867,3.13863,0.000599,0.797420
626,1125.1372,3.13896,0.000664,0.797411
627,1126.0857,3.13874,0.000707,0.797381
628,1124.6947,3.13952,0.000642,0.797350
629,1125.5881,3.13930,0.000603,0.797318
630,1126.7808,3.14161,0.000677,0.797302
631,1125.5952,3.14055,0.000689,0.797272
632,1125.0442,3.13895,0.000691,0.797258
633,1124.9619,3.13852,0.000606,0.797238
634,1126.2628,3.14041,0.000704,0.797215
635,1125.4643,3.13961,0.000661,0.797188
636,1123.7549,3.13327,0.000702,0.797147
637,1124.7910,3.13773,0.000656,0.797128
638,1126.0429,3.13902,0.000642,0.797095
639,1124.1513,3.13729,0.000649,0.797073
640,1125.4394,3.13892,0.000521,0.797075
641,1124.0125,3.13658,0.000594,0.797061
642,1124.1222,3.13842,0.000647,0.797043
643,1125.2728,3.13821,0.000622,0.797022
644,1123.8187,3.13773,0.000653,0.796975
645,1123.6893,3.13680,0.000663,0.796949
646,1125.5225,3.13863,0.000581,0.796920
647,1124.3516,3.13726,0.000627,0.796923
648,1125.0695,3.13763,0.000542,0.796906
649,1124.7959,3.13847,0.000585,0.796888
650,1123.9244,3.13679,0.000563,0.796862
651,1123.7142,3.13499,0.000606,0.796827
652,1124.1474,3.13756,0.000649,0.796804
653,1124.4285,3.13687,0.000590,0.796798
654,1123.7919,3.13404,0.000574,0.796782
655,1124.0734,3.13627,0.000592,0.796759
656,1124.5957,3.13572,0.000664,0.796729
657,1123.7297,3.13704,0.000622,0.796687
658,1124.0776,3.13616,0.000549,0.796687
659,1122.9592,3.13377,0.000617,0.796647
660,1124.5054,3.13762,0.000544,0.796642
661,1122.7517,3.13438,0.000608,0.796616
662,1123.2143,3.13278,0.000570,0.796586
663,1123.3009,3.13411,0.000547,0.796596
664,1123.5760,3.13481,0.000586,0.796573
665,1123.5506,3.13464,0.000583,0.796554
666,1122.5549,3.13298,0.000546,0.796528
667,1123.0886,3.13341,0.000586,0.796514
668,1123.2624,3.13236,0.000605,0.796475
669,1122.8508,3.13301,0.000570,0.796445
670,1123.1676,3.13718,0.000571,0.796434
671,1123.1866,3.13476,0.000607,0.796429
672,1124.1313,3.13672,0.000563,0.796427
673,1122.7533,3.13304,0.000625,0.796396
674,1123.1904,3.13517,0.000629,0.796360
675,1122.0594,3.13195,0.000598,0.796306
676,1123.3197,3.13298,0.000623,0.796285
677,1123.7974,3.13412,0.000602,0.796277
678,1123.1037,3.13363,0.000561,0.796223
679,1121.7467,3.13224,0.000619,0.796208
680,1122.1398,3.13410,0.000561,0.796181
681,1122.0152,3.13332,0.000578,0.796163
682,1122.4805,3.13344,0.000595,0.796164
683,1123.1926,3.13268,0.000523,0.796158
684,1122.1320,3.13172,0.000586,0.796122
685,1123.7448,3.13455,0.000570,0.796118
686,1122.9842,3.13162,0.000527,0.796107
687,1122.8556,3.13205,0.000529,0.796103
688,1121.8797,3.13229,0.000587,0.796066
689,1122.3804,3.13095,0.000591,0.796034
690,1121.3442,3.13092,0.000549,0.795990
691,1122.2937,3.13336,0.000548,0.795971
692,1122.1752,3.13012,0.000592,0.795943
693,1122.1071,3.13180,0.000553,0.795941
694,1121.6751,3.13105,0.000551,0.795927
695,1121.4988,3.13099,0.000573,0.795909
696,1122.4140,3.13065,0.000473,0.795895
697,1120.9593,3.12771,0.000531,0.795891
698,1121.7388,3.13049,0.000538,0.795862
699,1123.0076,3.13227,0.000534,0.795839
700,1122.6534,3.13286,0.000529,0.795807
701,1121.6635,3.13051,0.000493,0.795785
702,1121.8365,3.13044,0.000526,0.795754
703,1121.7332,3.13202,0.000488,0.795743
704,1122.7073,3.13178,0.000535,0.795721
705,1122.0820,3.13140,0.000543,0.795704
706,1121.5980,3.13062,0.000509,0.795683
707,1122.0657,3.13274,0.000528,0.795667
708,1120.6989,3.12916,0.000595,0.795646
709,1121.5941,3.13126,0.000546,0.795628
710,1122.3199,3.13123,0.000547,0.795615
711,1121.3786,3.13117,0.000522,0.795586
712,1120.3443,3.12986,0.000524,0.795563
713,1120.4729,3.12941,0.000510,0.795541
714,1121.9514,3.12982,0.000546,0.795546
715,1120.2488,3.12817,0.000526,0.795518
716,1121.3374,3.12726,0.000517,0.795497
717,1120.6799,3.12935,0.000524,0.795474
718,1120.5142,3.12973,0.000505,0.795453
719,1120.9564,3.12826,0.000490,0.795453
720,1120.8480,3.12785,0.000559,0.795431
721,1121.4329,3.13050,0.000502,0.795448
722,1120.4204,3.12893,0.000528,0.795411
723,1120.8525,3.12894,0.000594,0.795386
724,1121.2318,3.12821,0.000560,0.795344
725,1121.2608,3.12906,0.000585,0.795326
726,1120.6049,3.12780,0.000458,0.795320
727,1120.9300,3.12861,0.000464,0.795306
728,1120.0752,3.12653,0.000480,0.795294
729,1121.5719,3.13089,0.000528,0.795263
730,1119.4763,3.12615,0.000470,0.795248
731,1120.2478,3.12752,0.000494,0.795227
732,1120.9274,3.13008,0.000488,0.795210
733,1119.8442,3.12797,0.000549,0.795181
734,1120.2196,3.12762,0.000545,0.795168
735,1120.0113,3.12795,0.000520,0.795170
736,1120.1895,3.12692,0.000531,0.795146
737,1119.7546,3.12827,0.000464,0.795150
738,1121.2886,3.12968,0.000544,0.795124
739,1120.6088,3.12846,0.000491,0.795108
740,1120.7265,3.12596,0.000506,0.795076
741,1119.7791,3.12828,0.000511,0.795049
742,1119.7658,3.12650,0.000479,0.795021
743,1120.4219,3.12650,0.000491,0.795012
744,1120.3552,3.12716,0.000547,0.795001
745,1119.7035,3.12786,0.000532,0.794999
746,1119.0672,3.12525,0.000518,0.794965
747,1121.2467,3.12728,0.000534,0.794948
748,1118.9262,3.12432,0.000496,0.794925
749,1119.3218,3.12559,0.000473,0.794893
750,1120.1260,3.12671,0.000488,0.794872
751,1119.9498,3.12700,0.000420,0.794872
752,1118.8494,3.12909,0.000482,0.794859
753,1121.2110,3.12847,0.000489,0.794830
754,1118.6627,3.12464,0.000494,0.794810
755,1119.0977,3.12604,0.000544,0.794766
756,1120.4569,3.12566,0.000504,0.794748
757,1118.1920,3.12370,0.000468,0.794741
758,1118.7930,3.12509,0.000478,0.794724
759,1119.4136,3.12600,0.000487,0.794711
760,1120.0884,3.12854,0.000486,0.794677
761,1120.5567,3.12712,0.000468,0.794659
762,1119.6113,3.12613,0.000561,0.794656
763,1119.5915,3.12551,0.000495,0.794631
764,1119.4668,3.12696,0.000454,0.794634
765,1118.8439,3.12333,0.000488,0.794599
766,1119.7896,3.12459,0.000521,0.794575
767,1120.9133,3.12892,0.000501,0.794554
768,1119.4781,3.12467,0.000542,0.794538
769,1118.6213,3.12382,0.000518,0.794533
770,1118.4083,3.12412,0.000525,0.794528
771,1117.7419,3.12315,0.000467,0.794496
772,1119.3736,3.12603,0.000469,0.794472
773,1119.5528,3.12588,0.000512,0.794456
774,1118.4564,3.12505,0.000501,0.794448
775,1118.9358,3.12332,0.000489,0.794438
776,1117.7477,3.12201,0.000478,0.794432
777,1117.6015,3.12441,0.000505,0.794417
778,1118.8066,3.12478,0.000492,0.794401
779,1118.2056,3.12494,0.000435,0.794395
780,1117.8868,3.12370,0.000482,0.794386
781,1118.2699,3.12337,0.000475,0.794356
782,1118.7966,3.12473,0.000480,0.794332
783,1119.4791,3.12637,0.000496,0.794294
784,1118.5048,3.12574,0.000491,0.794272
785,1118.5154,3.12528,0.000454,0.794243
786,1118.5658,3.12383,0.000456,0.794236
787,1118.3697,3.12359,0.000475,0.794219
788,1119.0504,3.12453,0.000524,0.794175
789,1117.8566,3.12045,0.000439,0.794172
790,1118.0340,3.12235,0.000447,0.794156
791,1117.7302,3.12294,0.000395,0.794153
792,1117.7939,3.12111,0.000454,0.794166
793,1119.4358,3.12633,0.000476,0.794124
794,1118.4047,3.12259,0.000441,0.794101
795,1118.3322,3.12324,0.000455,0.794086
796,1117.4979,3.12281,0.000506,0.794062
797,1117.9949,3.12297,0.000487,0.794055
798,1117.6801,3.12276,0.000482,0.794030
799,1118.1342,3.12432,0.000514,0.794001
800,1118.7118,3.12474,0.000452,0.793994
801,1117.7826,3.12205,0.000464,0.793986
802,1117.9729,3.12223,0.000427,0.793975
803,1117.9375,3.12181,0.000464,0.793950
804,1117.3897,3.12166,0.000465,0.793932
805,1117.7682,3.12105,0.000448,0.793909
806,1117.3335,3.12295,0.000459,0.793892
807,1117.7332,3.12358,0.000416,0.793887
808,1118.1536,3.12407,0.000424,0.793862
809,1117.9294,3.12212,0.000439,0.793843
810,1118.6147,3.12477,0.000435,0.793831
811,1117.6788,3.12046,0.000448,0.793820
812,1117.3476,3.12244,0.000420,0.793806
813,1117.8026,3.12195,0.000492,0.793776
814,1116.6375,3.12215,0.000418,0.793772
815,1117.4069,3.12187,0.000477,0.793758
816,1117.0547,3.11970,0.000470,0.793732
817,1117.4041,3.12176,0.000455,0.793724
818,1117.5834,3.12128,0.000443,0.793727
819,1117.3512,3.12169,0.000449,0.793704
820,1116.7456,3.11870,0.000468,0.793675
821,1118.4068,3.12185,0.000421,0.793665
822,1116.6205,3.12015,0.000415,0.793657
823,1116.7213,3.12054,0.000430,0.793640
824,1115.9784,3.12156,0.000468,0.793605
825,1116.2160,3.11991,0.000439,0.793579
826,1117.2731,3.12051,0.000519,0.793563
827,1117.6948,3.12083,0.000467,0.793543
828,1117.5421,3.12210,0.000442,0.793530
829,1116.4904,3.11951,0.000442,0.793527
830,1117.8972,3.12274,0.000369,0.793511
831,1117.6044,3.12350,0.000467,0.793479
832,1117.0810,3.12211,0.000474,0.793469
833,1116.2894,3.11898,0.000434,0.793438
