house_edge,comp_rate,decade,profit_per_gambler_year,active_share
0.0100,0.0000,1,65.188,0.86792
0.0100,0.0000,2,55.489,0.81665
0.0100,0.0000,3,51.459,0.78943
0.0100,0.0000,4,46.338,0.77026
0.0100,0.0000,5,52.858,0.75415
0.0100,0.0000,6,47.075,0.74011
0.0100,0.0000,7,47.989,0.73145
0.0100,0.0000,8,44.223,0.72278
0.0100,0.0000,9,42.089,0.71289
0.0100,0.0000,10,41.914,0.70532
0.0100,0.0000,11,32.872,0.70081
0.0100,0.0000,12,43.143,0.69580
0.0400,0.0000,1,213.394,0.85144
0.0400,0.0000,2,187.897,0.80872
0.0400,0.0000,3,174.995,0.77832
0.0400,0.0000,4,173.212,0.75830
0.0400,0.0000,5,170.384,0.74219
0.0400,0.0000,6,160.995,0.73108
0.0400,0.0000,7,156.672,0.72290
0.0400,0.0000,8,161.548,0.71252
0.0400,0.0000,9,159.884,0.70618
0.0400,0.0000,10,152.986,0.69995
0.0400,0.0000,11,155.390,0.69702
0.0400,0.0000,12,150.192,0.69043
0.0700,0.0000,1,359.718,0.82764
0.0700,0.0000,2,318.705,0.78638
0.0700,0.0000,3,307.867,0.75989
0.0700,0.0000,4,285.979,0.74426
0.0700,0.0000,5,276.253,0.73376
0.0700,0.0000,6,274.122,0.72168
0.0700,0.0000,7,257.227,0.71497
0.0700,0.0000,8,275.336,0.70776
0.0700,0.0000,9,260.756,0.70068
0.0700,0.0000,10,252.017,0.69556
0.0700,0.0000,11,242.026,0.69128
0.0700,0.0000,12,252.989,0.68665
0.1000,0.0000,1,481.419,0.82239
0.1000,0.0000,2,428.232,0.78064
0.1000,0.0000,3,419.509,0.75940
0.1000,0.0000,4,388.612,0.74414
0.1000,0.0000,5,380.894,0.73096
0.1000,0.0000,6,374.779,0.72290
0.1000,0.0000,7,370.315,0.71484
0.1000,0.0000,8,362.076,0.70593
0.1000,0.0000,9,357.156,0.70251
0.1000,0.0000,10,352.716,0.69678
0.1000,0.0000,11,346.232,0.69312
0.1000,0.0000,12,344.840,0.68872
0.1300,0.0000,1,599.321,0.80884
0.1300,0.0000,2,532.556,0.77246
0.1300,0.0000,3,500.429,0.75769
0.1300,0.0000,4,496.985,0.74268
0.1300,0.0000,5,468.656,0.73108
0.1300,0.0000,6,469.405,0.72046
0.1300,0.0000,7,450.517,0.71509
0.1300,0.0000,8,447.039,0.70618
0.1300,0.0000,9,445.715,0.69946
0.1300,0.0000,10,439.689,0.69421
0.1300,0.0000,11,437.005,0.69019
0.1300,0.0000,12,423.033,0.68640
0.1600,0.0000,1,716.115,0.80615
0.1600,0.0000,2,633.943,0.76843
0.1600,0.0000,3,596.455,0.75122
0.1600,0.0000,4,576.512,0.73462
0.1600,0.0000,5,556.239,0.72583
0.1600,0.0000,6,543.227,0.71570
0.1600,0.0000,7,546.103,0.71033
0.1600,0.0000,8,527.456,0.70447
0.1600,0.0000,9,525.529,0.69897
0.1600,0.0000,10,516.653,0.69067
0.1600,0.0000,11,511.154,0.68884
0.1600,0.0000,12,506.977,0.68506
0.1900,0.0000,1,797.872,0.79565
0.1900,0.0000,2,715.568,0.76208
0.1900,0.0000,3,676.429,0.74622
0.1900,0.0000,4,652.968,0.73291
0.1900,0.0000,5,629.915,0.72363
0.1900,0.0000,6,621.684,0.71167
0.1900,0.0000,7,606.420,0.70447
0.1900,0.0000,8,600.681,0.69885
0.1900,0.0000,9,585.976,0.69495
0.1900,0.0000,10,590.407,0.68640
0.1900,0.0000,11,585.733,0.68311
0.1900,0.0000,12,576.728,0.67810
0.2200,0.0000,1,899.046,0.78943
0.2200,0.0000,2,787.208,0.75928
0.2200,0.0000,3,746.797,0.74377
0.2200,0.0000,4,726.699,0.72729
0.2200,0.0000,5,702.507,0.71582
0.2200,0.0000,6,694.900,0.70728
0.2200,0.0000,7,675.133,0.70081
0.2200,0.0000,8,662.497,0.69434
0.2200,0.0000,9,652.697,0.69019
0.2200,0.0000,10,654.863,0.68579
0.2200,0.0000,11,649.733,0.68079
0.2200,0.0000,12,642.283,0.67725
0.2500,0.0000,1,983.743,0.79102
0.2500,0.0000,2,870.666,0.75330
0.2500,0.0000,3,818.880,0.73865
0.2500,0.0000,4,787.288,0.72632
0.2500,0.0000,5,761.421,0.71399
0.2500,0.0000,6,743.300,0.70654
0.2500,0.0000,7,725.782,0.70007
0.2500,0.0000,8,722.224,0.69287
0.2500,0.0000,9,719.856,0.68677
0.2500,0.0000,10,708.561,0.68225
0.2500,0.0000,11,710.113,0.67725
0.2500,0.0000,12,702.326,0.67297
0.2800,0.0000,1,1040.900,0.78369
0.2800,0.0000,2,903.583,0.75293
0.2800,0.0000,3,885.532,0.73706
0.2800,0.0000,4,862.501,0.72253
0.2800,0.0000,5,835.640,0.71057
0.2800,0.0000,6,817.895,0.70349
0.2800,0.0000,7,796.886,0.69421
0.2800,0.0000,8,777.770,0.69104
0.2800,0.0000,9,786.520,0.68457
0.2800,0.0000,10,771.853,0.67981
0.2800,0.0000,11,766.706,0.67566
0.2800,0.0000,12,763.991,0.67346
0.0100,0.0857,1,53.343,0.86938
0.0100,0.0857,2,47.564,0.81885
0.0100,0.0857,3,43.020,0.78918
0.0100,0.0857,4,52.817,0.76868
0.0100,0.0857,5,44.580,0.75073
0.0100,0.0857,6,31.784,0.73792
0.0100,0.0857,7,49.115,0.72461
0.0100,0.0857,8,46.001,0.71521
0.0100,0.0857,9,23.498,0.71106
0.0100,0.0857,10,30.357,0.70459
0.0100,0.0857,11,35.419,0.69849
0.0100,0.0857,12,35.244,0.69482
0.0400,0.0857,1,195.477,0.84668
0.0400,0.0857,2,183.298,0.80615
0.0400,0.0857,3,165.185,0.77795
0.0400,0.0857,4,164.064,0.75940
0.0400,0.0857,5,163.169,0.73987
0.0400,0.0857,6,145.289,0.72839
0.0400,0.0857,7,143.273,0.71924
0.0400,0.0857,8,140.815,0.70850
0.0400,0.0857,9,145.875,0.70337
0.0400,0.0857,10,139.278,0.69836
0.0400,0.0857,11,149.095,0.69312
0.0400,0.0857,12,138.632,0.68994
0.0700,0.0857,1,317.397,0.83044
0.0700,0.0857,2,292.781,0.79187
0.0700,0.0857,3,277.368,0.76672
0.0700,0.0857,4,259.960,0.74963
0.0700,0.0857,5,263.682,0.73730
0.0700,0.0857,6,251.962,0.72729
0.0700,0.0857,7,248.425,0.71680
0.0700,0.0857,8,239.481,0.71082
0.0700,0.0857,9,232.458,0.70398
0.0700,0.0857,10,238.280,0.69580
0.0700,0.0857,11,223.268,0.69275
0.0700,0.0857,12,234.131,0.68970
0.1000,0.0857,1,444.308,0.81970
0.1000,0.0857,2,388.561,0.78369
0.1000,0.0857,3,358.351,0.75903
0.1000,0.0857,4,365.742,0.74011
0.1000,0.0857,5,346.086,0.72742
0.1000,0.0857,6,342.417,0.71948
0.1000,0.0857,7,337.112,0.71411
0.1000,0.0857,8,324.225,0.70459
0.1000,0.0857,9,329.984,0.69971
0.1000,0.0857,10,319.724,0.69470
0.1000,0.0857,11,315.906,0.68884
0.1000,0.0857,12,321.913,0.68604
0.1300,0.0857,1,552.710,0.81372
0.1300,0.0857,2,494.898,0.77271
0.1300,0.0857,3,462.561,0.74915
0.1300,0.0857,4,444.399,0.73779
0.1300,0.0857,5,428.579,0.72693
0.1300,0.0857,6,425.797,0.71350
0.1300,0.0857,7,419.712,0.70715
0.1300,0.0857,8,401.841,0.70154
0.1300,0.0857,9,407.979,0.69519
0.1300,0.0857,10,400.683,0.69104
0.1300,0.0857,11,406.426,0.68726
0.1300,0.0857,12,386.798,0.68481
0.1600,0.0857,1,654.997,0.79993
0.1600,0.0857,2,572.638,0.76929
0.1600,0.0857,3,533.649,0.74719
0.1600,0.0857,4,521.112,0.73328
0.1600,0.0857,5,503.553,0.72156
0.1600,0.0857,6,502.006,0.71484
0.1600,0.0857,7,492.964,0.70825
0.1600,0.0857,8,483.920,0.70300
0.1600,0.0857,9,476.386,0.69592
0.1600,0.0857,10,480.664,0.69250
0.1600,0.0857,11,481.463,0.68762
0.1600,0.0857,12,464.759,0.68311
0.1900,0.0857,1,737.997,0.79468
0.1900,0.0857,2,656.304,0.76135
0.1900,0.0857,3,629.961,0.74463
0.1900,0.0857,4,600.269,0.72998
0.1900,0.0857,5,589.503,0.71863
0.1900,0.0857,6,574.585,0.70837
0.1900,0.0857,7,553.919,0.70398
0.1900,0.0857,8,559.299,0.69580
0.1900,0.0857,9,542.044,0.69165
0.1900,0.0857,10,531.596,0.68726
0.1900,0.0857,11,533.554,0.68262
0.1900,0.0857,12,529.039,0.67749
0.2200,0.0857,1,825.036,0.79260
0.2200,0.0857,2,724.478,0.75745
0.2200,0.0857,3,696.620,0.73743
0.2200,0.0857,4,667.639,0.72095
0.2200,0.0857,5,642.770,0.71033
0.2200,0.0857,6,636.402,0.70398
0.2200,0.0857,7,628.865,0.69678
0.2200,0.0857,8,621.439,0.69141
0.2200,0.0857,9,613.151,0.68689
0.2200,0.0857,10,602.396,0.68213
0.2200,0.0857,11,599.695,0.67883
0.2200,0.0857,12,596.039,0.67297
0.2500,0.0857,1,909.311,0.78687
0.2500,0.0857,2,798.049,0.75525
0.2500,0.0857,3,753.777,0.73511
0.2500,0.0857,4,729.664,0.72559
0.2500,0.0857,5,715.464,0.70984
0.2500,0.0857,6,689.224,0.70142
0.2500,0.0857,7,684.571,0.69580
0.2500,0.0857,8,682.186,0.69019
0.2500,0.0857,9,659.979,0.68445
0.2500,0.0857,10,650.491,0.67834
0.2500,0.0857,11,644.626,0.67371
0.2500,0.0857,12,649.284,0.67029
0.2800,0.0857,1,973.277,0.78003
0.2800,0.0857,2,864.980,0.75671
0.2800,0.0857,3,819.485,0.73914
0.2800,0.0857,4,786.023,0.72388
0.2800,0.0857,5,760.909,0.71338
0.2800,0.0857,6,756.307,0.70471
0.2800,0.0857,7,751.649,0.69788
0.2800,0.0857,8,738.786,0.69128
0.2800,0.0857,9,723.357,0.68713
0.2800,0.0857,10,718.571,0.68213
0.2800,0.0857,11,706.881,0.67896
0.2800,0.0857,12,714.924,0.67566
0.0100,0.1714,1,41.233,0.86560
0.0100,0.1714,2,54.958,0.81738
0.0100,0.1714,3,39.215,0.79089
0.0100,0.1714,4,40.809,0.76807
0.0100,0.1714,5,43.650,0.75342
0.0100,0.1714,6,32.089,0.73914
0.0100,0.1714,7,35.598,0.72656
0.0100,0.1714,8,38.343,0.72070
0.0100,0.1714,9,33.437,0.70996
0.0100,0.1714,10,32.513,0.70483
0.0100,0.1714,11,29.073,0.69995
0.0100,0.1714,12,34.011,0.69580
0.0400,0.1714,1,185.139,0.84412
0.0400,0.1714,2,157.645,0.80066
0.0400,0.1714,3,150.843,0.77637
0.0400,0.1714,4,143.039,0.75684
0.0400,0.1714,5,148.786,0.74133
0.0400,0.1714,6,132.016,0.72864
0.0400,0.1714,7,148.804,0.71985
0.0400,0.1714,8,127.670,0.71338
0.0400,0.1714,9,136.530,0.70667
0.0400,0.1714,10,115.711,0.70044
0.0400,0.1714,11,120.806,0.69580
0.0400,0.1714,12,124.543,0.69312
0.0700,0.1714,1,305.078,0.83008
0.0700,0.1714,2,268.781,0.78906
0.0700,0.1714,3,257.502,0.76514
0.0700,0.1714,4,226.096,0.74524
0.0700,0.1714,5,224.555,0.73462
0.0700,0.1714,6,230.932,0.72485
0.0700,0.1714,7,216.866,0.71680
0.0700,0.1714,8,221.257,0.70886
0.0700,0.1714,9,212.059,0.70447
0.0700,0.1714,10,218.533,0.70129
0.0700,0.1714,11,213.509,0.69373
0.0700,0.1714,12,202.411,0.69043
0.1000,0.1714,1,409.402,0.82471
0.1000,0.1714,2,356.446,0.78235
0.1000,0.1714,3,344.066,0.75818
0.1000,0.1714,4,319.991,0.74402
0.1000,0.1714,5,323.484,0.73120
0.1000,0.1714,6,309.470,0.72351
0.1000,0.1714,7,302.125,0.71277
0.1000,0.1714,8,287.105,0.70593
0.1000,0.1714,9,304.210,0.70105
0.1000,0.1714,10,285.468,0.69617
0.1000,0.1714,11,277.333,0.69214
0.1000,0.1714,12,289.375,0.68689
0.1300,0.1714,1,500.249,0.80774
0.1300,0.1714,2,447.105,0.77600
0.1300,0.1714,3,428.568,0.75708
0.1300,0.1714,4,409.216,0.74255
0.1300,0.1714,5,411.382,0.73083
0.1300,0.1714,6,400.003,0.72070
0.1300,0.1714,7,381.986,0.71216
0.1300,0.1714,8,380.920,0.70667
0.1300,0.1714,9,385.561,0.70044
0.1300,0.1714,10,371.176,0.69495
0.1300,0.1714,11,364.715,0.69104
0.1300,0.1714,12,365.965,0.68726
0.1600,0.1714,1,597.727,0.80322
0.1600,0.1714,2,512.462,0.76941
0.1600,0.1714,3,501.942,0.75098
0.1600,0.1714,4,473.935,0.73804
0.1600,0.1714,5,470.070,0.72620
0.1600,0.1714,6,465.813,0.71741
0.1600,0.1714,7,456.576,0.71240
0.1600,0.1714,8,445.689,0.70728
0.1600,0.1714,9,446.013,0.69873
0.1600,0.1714,10,437.377,0.69604
0.1600,0.1714,11,430.654,0.69055
0.1600,0.1714,12,433.156,0.68713
0.1900,0.1714,1,685.980,0.78870
0.1900,0.1714,2,604.140,0.76038
0.1900,0.1714,3,571.628,0.74219
0.1900,0.1714,4,574.385,0.73035
0.1900,0.1714,5,533.210,0.71924
0.1900,0.1714,6,535.522,0.70923
0.1900,0.1714,7,517.954,0.69983
0.1900,0.1714,8,503.335,0.69519
0.1900,0.1714,9,502.978,0.69092
0.1900,0.1714,10,507.131,0.68677
0.1900,0.1714,11,499.179,0.68359
0.1900,0.1714,12,487.638,0.68018
0.2200,0.1714,1,764.455,0.78784
0.2200,0.1714,2,680.008,0.76172
0.2200,0.1714,3,631.796,0.74438
0.2200,0.1714,4,610.463,0.72778
0.2200,0.1714,5,605.107,0.71790
0.2200,0.1714,6,596.911,0.70923
0.2200,0.1714,7,580.852,0.70459
0.2200,0.1714,8,575.853,0.69690
0.2200,0.1714,9,570.839,0.69165
0.2200,0.1714,10,549.385,0.68799
0.2200,0.1714,11,561.228,0.68286
0.2200,0.1714,12,551.268,0.67993
0.2500,0.1714,1,830.797,0.78601
0.2500,0.1714,2,729.966,0.75964
0.2500,0.1714,3,700.639,0.73779
0.2500,0.1714,4,673.134,0.72485
0.2500,0.1714,5,647.147,0.71472
0.2500,0.1714,6,631.797,0.71033
0.2500,0.1714,7,639.196,0.69958
0.2500,0.1714,8,626.604,0.69397
0.2500,0.1714,9,623.670,0.68921
0.2500,0.1714,10,608.991,0.68359
0.2500,0.1714,11,606.045,0.67908
0.2500,0.1714,12,589.460,0.67505
0.2800,0.1714,1,891.286,0.78174
0.2800,0.1714,2,799.598,0.75366
0.2800,0.1714,3,755.830,0.73401
0.2800,0.1714,4,731.846,0.71704
0.2800,0.1714,5,690.147,0.70642
0.2800,0.1714,6,684.321,0.69812
0.2800,0.1714,7,683.931,0.69043
0.2800,0.1714,8,660.880,0.68530
0.2800,0.1714,9,660.359,0.67944
0.2800,0.1714,10,651.577,0.67566
0.2800,0.1714,11,636.400,0.67236
0.2800,0.1714,12,646.529,0.66882
0.0100,0.2571,1,35.813,0.86169
0.0100,0.2571,2,43.120,0.81848
0.0100,0.2571,3,35.791,0.78992
0.0100,0.2571,4,49.420,0.76782
0.0100,0.2571,5,26.515,0.75232
0.0100,0.2571,6,28.025,0.73755
0.0100,0.2571,7,35.574,0.72766
0.0100,0.2571,8,37.035,0.71765
0.0100,0.2571,9,33.069,0.71204
0.0100,0.2571,10,28.476,0.70483
0.0100,0.2571,11,25.452,0.69922
0.0100,0.2571,12,28.595,0.69360
0.0400,0.2571,1,159.121,0.85181
0.0400,0.2571,2,125.649,0.80676
0.0400,0.2571,3,133.345,0.77649
0.0400,0.2571,4,138.091,0.75903
0.0400,0.2571,5,133.616,0.73938
0.0400,0.2571,6,133.187,0.73145
0.0400,0.2571,7,121.800,0.72083
0.0400,0.2571,8,116.879,0.71252
0.0400,0.2571,9,110.340,0.70728
0.0400,0.2571,10,104.614,0.70142
0.0400,0.2571,11,109.186,0.69531
0.0400,0.2571,12,107.884,0.69141
0.0700,0.2571,1,265.146,0.82935
0.0700,0.2571,2,242.222,0.79224
0.0700,0.2571,3,223.790,0.76257
0.0700,0.2571,4,221.103,0.74646
0.0700,0.2571,5,214.897,0.73560
0.0700,0.2571,6,195.682,0.72656
0.0700,0.2571,7,195.484,0.71765
0.0700,0.2571,8,202.175,0.70959
0.0700,0.2571,9,194.102,0.70288
0.0700,0.2571,10,195.645,0.70007
0.0700,0.2571,11,187.269,0.69507
0.0700,0.2571,12,197.995,0.69043
0.1000,0.2571,1,367.454,0.81824
0.1000,0.2571,2,327.160,0.77686
0.1000,0.2571,3,315.001,0.75635
0.1000,0.2571,4,283.712,0.74011
0.1000,0.2571,5,281.630,0.73108
0.1000,0.2571,6,282.530,0.71777
0.1000,0.2571,7,273.231,0.71130
0.1000,0.2571,8,271.026,0.70496
0.1000,0.2571,9,275.738,0.69849
0.1000,0.2571,10,254.937,0.69617
0.1000,0.2571,11,263.388,0.69189
0.1000,0.2571,12,265.433,0.68616
0.1300,0.2571,1,458.215,0.81055
0.1300,0.2571,2,417.819,0.77722
0.1300,0.2571,3,391.269,0.75024
0.1300,0.2571,4,367.993,0.73865
0.1300,0.2571,5,357.096,0.72498
0.1300,0.2571,6,354.648,0.71924
0.1300,0.2571,7,341.579,0.71008
0.1300,0.2571,8,333.095,0.70447
0.1300,0.2571,9,338.145,0.69812
0.1300,0.2571,10,331.276,0.69434
0.1300,0.2571,11,325.054,0.69080
0.1300,0.2571,12,324.427,0.68701
0.1600,0.2571,1,533.509,0.79944
0.1600,0.2571,2,481.922,0.76660
0.1600,0.2571,3,438.135,0.75049
0.1600,0.2571,4,432.713,0.73193
0.1600,0.2571,5,435.773,0.72461
0.1600,0.2571,6,422.870,0.71533
0.1600,0.2571,7,401.857,0.70850
0.1600,0.2571,8,401.990,0.70068
0.1600,0.2571,9,393.928,0.69702
0.1600,0.2571,10,392.718,0.69189
0.1600,0.2571,11,401.183,0.68726
0.1600,0.2571,12,387.148,0.68262
0.1900,0.2571,1,627.702,0.79419
0.1900,0.2571,2,539.984,0.76624
0.1900,0.2571,3,522.085,0.74170
0.1900,0.2571,4,497.210,0.73010
0.1900,0.2571,5,486.963,0.71851
0.1900,0.2571,6,483.684,0.71033
0.1900,0.2571,7,469.069,0.70142
0.1900,0.2571,8,465.850,0.69653
0.1900,0.2571,9,462.269,0.69165
0.1900,0.2571,10,450.278,0.68872
0.1900,0.2571,11,447.875,0.68506
0.1900,0.2571,12,435.781,0.68054
0.2200,0.2571,1,687.840,0.79004
0.2200,0.2571,2,616.765,0.75781
0.2200,0.2571,3,570.476,0.73682
0.2200,0.2571,4,549.765,0.72510
0.2200,0.2571,5,547.038,0.71423
0.2200,0.2571,6,541.502,0.70581
0.2200,0.2571,7,524.655,0.70007
0.2200,0.2571,8,513.774,0.69360
0.2200,0.2571,9,512.524,0.69055
0.2200,0.2571,10,513.579,0.68628
0.2200,0.2571,11,495.056,0.68066
0.2200,0.2571,12,506.746,0.67590
0.2500,0.2571,1,757.224,0.78357
0.2500,0.2571,2,665.418,0.75769
0.2500,0.2571,3,637.572,0.73535
0.2500,0.2571,4,608.944,0.72363
0.2500,0.2571,5,591.367,0.71338
0.2500,0.2571,6,570.732,0.70605
0.2500,0.2571,7,567.222,0.69604
0.2500,0.2571,8,567.345,0.69031
0.2500,0.2571,9,553.545,0.68726
0.2500,0.2571,10,550.838,0.68359
0.2500,0.2571,11,548.750,0.67993
0.2500,0.2571,12,547.758,0.67542
0.2800,0.2571,1,827.800,0.78540
0.2800,0.2571,2,726.673,0.75476
0.2800,0.2571,3,691.393,0.73254
0.2800,0.2571,4,650.495,0.71729
0.2800,0.2571,5,646.722,0.71033
0.2800,0.2571,6,632.920,0.70374
0.2800,0.2571,7,629.003,0.69458
0.2800,0.2571,8,607.871,0.68750
0.2800,0.2571,9,604.734,0.68262
0.2800,0.2571,10,599.851,0.68005
0.2800,0.2571,11,598.067,0.67517
0.2800,0.2571,12,587.107,0.67004
0.0100,0.3429,1,42.553,0.86755
0.0100,0.3429,2,37.895,0.82324
0.0100,0.3429,3,20.723,0.79553
0.0100,0.3429,4,32.908,0.77026
0.0100,0.3429,5,26.949,0.75476
0.0100,0.3429,6,33.661,0.74133
0.0100,0.3429,7,23.523,0.72961
0.0100,0.3429,8,33.930,0.72363
0.0100,0.3429,9,30.295,0.71277
0.0100,0.3429,10,26.974,0.70605
0.0100,0.3429,11,22.153,0.70227
0.0100,0.3429,12,30.436,0.69519
0.0400,0.3429,1,150.391,0.84399
0.0400,0.3429,2,117.155,0.80286
0.0400,0.3429,3,108.658,0.77356
0.0400,0.3429,4,114.199,0.75195
0.0400,0.3429,5,111.568,0.73718
0.0400,0.3429,6,108.986,0.72729
0.0400,0.3429,7,104.552,0.71655
0.0400,0.3429,8,111.007,0.70959
0.0400,0.3429,9,108.826,0.70190
0.0400,0.3429,10,94.185,0.69910
0.0400,0.3429,11,93.310,0.69250
0.0400,0.3429,12,86.261,0.68848
0.0700,0.3429,1,232.525,0.83435
0.0700,0.3429,2,211.084,0.78943
0.0700,0.3429,3,197.942,0.76660
0.0700,0.3429,4,186.621,0.74805
0.0700,0.3429,5,170.650,0.73193
0.0700,0.3429,6,188.804,0.72205
0.0700,0.3429,7,175.589,0.71582
0.0700,0.3429,8,176.908,0.70874
0.0700,0.3429,9,180.014,0.70422
0.0700,0.3429,10,169.403,0.69824
0.0700,0.3429,11,161.941,0.69409
0.0700,0.3429,12,177.859,0.69006
0.1000,0.3429,1,332.703,0.82275
0.1000,0.3429,2,291.841,0.79150
0.1000,0.3429,3,281.097,0.75916
0.1000,0.3429,4,265.774,0.74268
0.1000,0.3429,5,257.417,0.73035
0.1000,0.3429,6,249.355,0.72107
0.1000,0.3429,7,247.534,0.71460
0.1000,0.3429,8,251.654,0.70569
0.1000,0.3429,9,232.780,0.70215
0.1000,0.3429,10,239.449,0.69739
0.1000,0.3429,11,230.681,0.69312
0.1000,0.3429,12,227.984,0.68787
0.1300,0.3429,1,408.500,0.80554
0.1300,0.3429,2,355.709,0.77515
0.1300,0.3429,3,340.244,0.75317
0.1300,0.3429,4,321.278,0.73608
0.1300,0.3429,5,322.670,0.72559
0.1300,0.3429,6,309.591,0.71765
0.1300,0.3429,7,313.811,0.70862
0.1300,0.3429,8,297.701,0.70374
0.1300,0.3429,9,306.546,0.69812
0.1300,0.3429,10,292.835,0.69531
0.1300,0.3429,11,297.969,0.68921
0.1300,0.3429,12,274.884,0.68469
0.1600,0.3429,1,483.787,0.79968
0.1600,0.3429,2,425.124,0.76758
0.1600,0.3429,3,415.504,0.74805
0.1600,0.3429,4,389.887,0.73169
0.1600,0.3429,5,381.585,0.71997
0.1600,0.3429,6,373.363,0.71338
0.1600,0.3429,7,363.318,0.70715
0.1600,0.3429,8,365.336,0.70081
0.1600,0.3429,9,355.107,0.69556
0.1600,0.3429,10,344.492,0.69055
0.1600,0.3429,11,353.222,0.68481
0.1600,0.3429,12,348.889,0.68213
0.1900,0.3429,1,549.939,0.79407
0.1900,0.3429,2,490.267,0.76599
0.1900,0.3429,3,468.958,0.74292
0.1900,0.3429,4,446.119,0.73010
0.1900,0.3429,5,440.714,0.71899
0.1900,0.3429,6,435.046,0.71289
0.1900,0.3429,7,420.056,0.70544
0.1900,0.3429,8,405.251,0.69983
0.1900,0.3429,9,403.837,0.69397
0.1900,0.3429,10,413.677,0.68933
0.1900,0.3429,11,400.100,0.68555
0.1900,0.3429,12,401.752,0.68250
0.2200,0.3429,1,619.191,0.79016
0.2200,0.3429,2,554.233,0.75867
0.2200,0.3429,3,510.812,0.74048
0.2200,0.3429,4,500.933,0.72668
0.2200,0.3429,5,488.181,0.71558
0.2200,0.3429,6,482.988,0.70569
0.2200,0.3429,7,478.873,0.69910
0.2200,0.3429,8,461.009,0.69348
0.2200,0.3429,9,442.151,0.68689
0.2200,0.3429,10,457.987,0.68372
0.2200,0.3429,11,437.053,0.67676
0.2200,0.3429,12,436.434,0.67200
0.2500,0.3429,1,673.937,0.78271
0.2500,0.3429,2,595.887,0.75476
0.2500,0.3429,3,565.181,0.73706
0.2500,0.3429,4,550.328,0.72412
0.2500,0.3429,5,537.808,0.71252
0.2500,0.3429,6,534.227,0.70557
0.2500,0.3429,7,520.500,0.69885
0.2500,0.3429,8,505.360,0.69336
0.2500,0.3429,9,495.514,0.68616
0.2500,0.3429,10,495.002,0.68347
0.2500,0.3429,11,490.194,0.67896
0.2500,0.3429,12,487.449,0.67517
0.2800,0.3429,1,740.806,0.77722
0.2800,0.3429,2,666.015,0.74963
0.2800,0.3429,3,616.111,0.73315
0.2800,0.3429,4,606.742,0.72046
0.2800,0.3429,5,581.580,0.71387
0.2800,0.3429,6,584.168,0.70483
0.2800,0.3429,7,563.183,0.69800
0.2800,0.3429,8,555.332,0.69275
0.2800,0.3429,9,551.607,0.68823
0.2800,0.3429,10,545.710,0.68091
0.2800,0.3429,11,534.216,0.67786
0.2800,0.3429,12,533.016,0.67419
0.0100,0.4286,1,36.392,0.87146
0.0100,0.4286,2,26.771,0.82202
0.0100,0.4286,3,25.742,0.79138
0.0100,0.4286,4,25.367,0.76880
0.0100,0.4286,5,34.187,0.75208
0.0100,0.4286,6,19.144,0.73840
0.0100,0.4286,7,29.169,0.72620
0.0100,0.4286,8,30.615,0.71606
0.0100,0.4286,9,19.989,0.71191
0.0100,0.4286,10,27.375,0.70410
0.0100,0.4286,11,19.977,0.69873
0.0100,0.4286,12,20.845,0.69507
0.0400,0.4286,1,116.509,0.85107
0.0400,0.4286,2,117.622,0.80371
0.0400,0.4286,3,98.287,0.77710
0.0400,0.4286,4,108.221,0.75769
0.0400,0.4286,5,92.465,0.74268
0.0400,0.4286,6,95.001,0.73047
0.0400,0.4286,7,81.898,0.72034
0.0400,0.4286,8,95.113,0.71179
0.0400,0.4286,9,101.771,0.70496
0.0400,0.4286,10,92.835,0.69983
0.0400,0.4286,11,88.099,0.69592
0.0400,0.4286,12,79.314,0.69177
0.0700,0.4286,1,205.811,0.83057
0.0700,0.4286,2,180.145,0.78918
0.0700,0.4286,3,179.746,0.76428
0.0700,0.4286,4,160.867,0.74512
0.0700,0.4286,5,171.266,0.73401
0.0700,0.4286,6,165.064,0.72217
0.0700,0.4286,7,164.384,0.71692
0.0700,0.4286,8,149.647,0.70923
0.0700,0.4286,9,145.284,0.70337
0.0700,0.4286,10,149.431,0.69775
0.0700,0.4286,11,141.587,0.69275
0.0700,0.4286,12,146.387,0.68848
0.1000,0.4286,1,286.698,0.81982
0.1000,0.4286,2,259.364,0.78088
0.1000,0.4286,3,253.896,0.76111
0.1000,0.4286,4,233.498,0.74731
0.1000,0.4286,5,230.472,0.73193
0.1000,0.4286,6,217.872,0.72302
0.1000,0.4286,7,212.111,0.71191
0.1000,0.4286,8,210.668,0.70447
0.1000,0.4286,9,211.267,0.69861
0.1000,0.4286,10,214.627,0.69409
0.1000,0.4286,11,193.989,0.69080
0.1000,0.4286,12,195.788,0.68774
0.1300,0.4286,1,372.787,0.80908
0.1300,0.4286,2,319.803,0.77527
0.1300,0.4286,3,301.483,0.74976
0.1300,0.4286,4,292.222,0.73889
0.1300,0.4286,5,277.791,0.72351
0.1300,0.4286,6,267.788,0.71790
0.1300,0.4286,7,272.581,0.71130
0.1300,0.4286,8,277.101,0.70520
0.1300,0.4286,9,262.669,0.69922
0.1300,0.4286,10,259.289,0.69275
0.1300,0.4286,11,259.443,0.68958
0.1300,0.4286,12,254.747,0.68433
0.1600,0.4286,1,440.856,0.80493
0.1600,0.4286,2,379.962,0.76904
0.1600,0.4286,3,359.964,0.75000
0.1600,0.4286,4,348.171,0.73523
0.1600,0.4286,5,354.365,0.72607
0.1600,0.4286,6,328.230,0.71863
0.1600,0.4286,7,329.606,0.70886
0.1600,0.4286,8,317.894,0.70093
0.1600,0.4286,9,313.544,0.69495
0.1600,0.4286,10,317.997,0.69043
0.1600,0.4286,11,306.188,0.68567
0.1600,0.4286,12,303.992,0.68201
0.1900,0.4286,1,487.900,0.79602
0.1900,0.4286,2,437.191,0.76855
0.1900,0.4286,3,418.580,0.74683
0.1900,0.4286,4,400.121,0.73230
0.1900,0.4286,5,393.169,0.72437
0.1900,0.4286,6,375.619,0.71362
0.1900,0.4286,7,375.894,0.70801
0.1900,0.4286,8,366.238,0.70276
0.1900,0.4286,9,357.078,0.69824
0.1900,0.4286,10,364.195,0.69238
0.1900,0.4286,11,360.255,0.68811
0.1900,0.4286,12,341.336,0.68506
0.2200,0.4286,1,550.249,0.78809
0.2200,0.4286,2,468.677,0.75610
0.2200,0.4286,3,450.655,0.73743
0.2200,0.4286,4,448.767,0.72705
0.2200,0.4286,5,436.317,0.71448
0.2200,0.4286,6,425.701,0.70544
0.2200,0.4286,7,404.160,0.69958
0.2200,0.4286,8,404.614,0.69336
0.2200,0.4286,9,403.405,0.68945
0.2200,0.4286,10,406.343,0.68372
0.2200,0.4286,11,392.186,0.68091
0.2200,0.4286,12,378.689,0.67688
0.2500,0.4286,1,609.085,0.77979
0.2500,0.4286,2,528.573,0.75171
0.2500,0.4286,3,507.593,0.73584
0.2500,0.4286,4,481.185,0.72144
0.2500,0.4286,5,477.826,0.71289
0.2500,0.4286,6,455.406,0.70520
0.2500,0.4286,7,452.502,0.69714
0.2500,0.4286,8,453.599,0.69189
0.2500,0.4286,9,448.678,0.68530
0.2500,0.4286,10,437.780,0.68079
0.2500,0.4286,11,434.955,0.67688
0.2500,0.4286,12,432.381,0.67407
0.2800,0.4286,1,661.124,0.78040
0.2800,0.4286,2,578.449,0.75195
0.2800,0.4286,3,556.939,0.73865
0.2800,0.4286,4,529.997,0.72266
0.2800,0.4286,5,510.949,0.71204
0.2800,0.4286,6,506.732,0.70459
0.2800,0.4286,7,490.317,0.69580
0.2800,0.4286,8,492.800,0.69141
0.2800,0.4286,9,485.454,0.68457
0.2800,0.4286,10,480.724,0.67859
0.2800,0.4286,11,480.184,0.67542
0.2800,0.4286,12,483.618,0.67310
0.0100,0.5143,1,19.027,0.86743
0.0100,0.5143,2,9.576,0.82129
0.0100,0.5143,3,17.440,0.79041
0.0100,0.5143,4,36.857,0.76514
0.0100,0.5143,5,21.972,0.75159
0.0100,0.5143,6,25.296,0.73254
0.0100,0.5143,7,25.145,0.72461
0.0100,0.5143,8,25.347,0.71729
0.0100,0.5143,9,16.255,0.71082
0.0100,0.5143,10,28.739,0.70496
0.0100,0.5143,11,11.153,0.69849
0.0100,0.5143,12,22.978,0.69458
0.0400,0.5143,1,99.472,0.84509
0.0400,0.5143,2,91.530,0.80347
0.0400,0.5143,3,85.662,0.77759
0.0400,0.5143,4,89.330,0.75879
0.0400,0.5143,5,83.068,0.74353
0.0400,0.5143,6,83.019,0.73218
0.0400,0.5143,7,73.561,0.72009
0.0400,0.5143,8,76.860,0.71375
0.0400,0.5143,9,84.101,0.70654
0.0400,0.5143,10,72.593,0.70203
0.0400,0.5143,11,79.799,0.69897
0.0400,0.5143,12,77.994,0.69385
0.0700,0.5143,1,174.345,0.82886
0.0700,0.5143,2,149.932,0.78857
0.0700,0.5143,3,144.173,0.76428
0.0700,0.5143,4,145.745,0.74902
0.0700,0.5143,5,142.062,0.73669
0.0700,0.5143,6,130.078,0.72241
0.0700,0.5143,7,130.895,0.71680
0.0700,0.5143,8,129.254,0.70837
0.0700,0.5143,9,119.785,0.70129
0.0700,0.5143,10,121.463,0.69531
0.0700,0.5143,11,113.531,0.69299
0.0700,0.5143,12,117.114,0.68750
0.1000,0.5143,1,247.394,0.82129
0.1000,0.5143,2,210.732,0.78247
0.1000,0.5143,3,221.348,0.75525
0.1000,0.5143,4,193.951,0.74438
0.1000,0.5143,5,183.874,0.73340
0.1000,0.5143,6,197.231,0.72510
0.1000,0.5143,7,179.973,0.71631
0.1000,0.5143,8,176.958,0.71033
0.1000,0.5143,9,179.776,0.70325
0.1000,0.5143,10,184.995,0.69836
0.1000,0.5143,11,175.143,0.69385
0.1000,0.5143,12,164.999,0.68726
0.1300,0.5143,1,305.400,0.81140
0.1300,0.5143,2,258.337,0.77393
0.1300,0.5143,3,265.593,0.74939
0.1300,0.5143,4,244.048,0.73914
0.1300,0.5143,5,239.345,0.72729
0.1300,0.5143,6,227.939,0.71753
0.1300,0.5143,7,237.351,0.70886
0.1300,0.5143,8,227.530,0.70410
0.1300,0.5143,9,232.866,0.69702
0.1300,0.5143,10,218.577,0.69177
0.1300,0.5143,11,220.999,0.68848
0.1300,0.5143,12,218.332,0.68384
0.1600,0.5143,1,366.742,0.80530
0.1600,0.5143,2,339.537,0.76941
0.1600,0.5143,3,317.053,0.75476
0.1600,0.5143,4,293.842,0.73584
0.1600,0.5143,5,288.564,0.72534
0.1600,0.5143,6,287.287,0.71375
0.1600,0.5143,7,271.396,0.70776
0.1600,0.5143,8,271.573,0.70410
0.1600,0.5143,9,260.512,0.69653
0.1600,0.5143,10,259.343,0.69299
0.1600,0.5143,11,266.131,0.68726
0.1600,0.5143,12,256.370,0.68372
0.1900,0.5143,1,420.424,0.79663
0.1900,0.5143,2,371.777,0.76575
0.1900,0.5143,3,354.484,0.74438
0.1900,0.5143,4,337.887,0.72876
0.1900,0.5143,5,309.285,0.71863
0.1900,0.5143,6,325.443,0.71057
0.1900,0.5143,7,320.155,0.70190
0.1900,0.5143,8,304.797,0.69495
0.1900,0.5143,9,311.585,0.69080
0.1900,0.5143,10,294.743,0.68652
0.1900,0.5143,11,296.008,0.68347
0.1900,0.5143,12,306.409,0.67993
0.2200,0.5143,1,471.415,0.79041
0.2200,0.5143,2,422.890,0.75464
0.2200,0.5143,3,402.563,0.73877
0.2200,0.5143,4,397.162,0.72229
0.2200,0.5143,5,356.174,0.71277
0.2200,0.5143,6,367.300,0.70215
0.2200,0.5143,7,353.173,0.69775
0.2200,0.5143,8,354.358,0.69153
0.2200,0.5143,9,335.377,0.68860
0.2200,0.5143,10,354.231,0.68359
0.2200,0.5143,11,335.535,0.67993
0.2200,0.5143,12,343.312,0.67712
0.2500,0.5143,1,518.580,0.78320
0.2500,0.5143,2,471.577,0.75476
0.2500,0.5143,3,438.196,0.73450
0.2500,0.5143,4,421.344,0.72156
0.2500,0.5143,5,401.741,0.71252
0.2500,0.5143,6,413.199,0.70508
0.2500,0.5143,7,390.142,0.69763
0.2500,0.5143,8,401.744,0.69214
0.2500,0.5143,9,378.724,0.68457
0.2500,0.5143,10,380.296,0.68103
0.2500,0.5143,11,378.421,0.67651
0.2500,0.5143,12,364.805,0.67200
0.2800,0.5143,1,562.088,0.78027
0.2800,0.5143,2,513.853,0.75098
0.2800,0.5143,3,476.306,0.73584
0.2800,0.5143,4,456.061,0.72327
0.2800,0.5143,5,450.423,0.71204
0.2800,0.5143,6,436.434,0.70447
0.2800,0.5143,7,426.517,0.69543
0.2800,0.5143,8,428.492,0.69055
0.2800,0.5143,9,425.873,0.68481
0.2800,0.5143,10,407.071,0.68103
0.2800,0.5143,11,419.206,0.67725
0.2800,0.5143,12,426.213,0.67188
0.0100,0.6000,1,21.376,0.86755
0.0100,0.6000,2,32.721,0.82178
0.0100,0.6000,3,18.414,0.79089
0.0100,0.6000,4,21.894,0.77454
0.0100,0.6000,5,24.907,0.75647
0.0100,0.6000,6,14.838,0.74133
0.0100,0.6000,7,6.460,0.72778
0.0100,0.6000,8,17.592,0.71814
0.0100,0.6000,9,19.124,0.70813
0.0100,0.6000,10,26.739,0.70276
0.0100,0.6000,11,9.896,0.69653
0.0100,0.6000,12,17.955,0.69434
0.0400,0.6000,1,87.489,0.84265
0.0400,0.6000,2,64.585,0.80701
0.0400,0.6000,3,69.275,0.77380
0.0400,0.6000,4,60.947,0.76001
0.0400,0.6000,5,72.425,0.74487
0.0400,0.6000,6,57.628,0.73242
0.0400,0.6000,7,58.417,0.72485
0.0400,0.6000,8,64.950,0.71594
0.0400,0.6000,9,64.113,0.70898
0.0400,0.6000,10,65.597,0.70374
0.0400,0.6000,11,62.030,0.70007
0.0400,0.6000,12,66.419,0.69556
0.0700,0.6000,1,154.297,0.82849
0.0700,0.6000,2,128.028,0.78674
0.0700,0.6000,3,116.968,0.76294
0.0700,0.6000,4,109.248,0.74841
0.0700,0.6000,5,124.081,0.73401
0.0700,0.6000,6,113.698,0.72461
0.0700,0.6000,7,116.041,0.71594
0.0700,0.6000,8,108.675,0.70996
0.0700,0.6000,9,107.450,0.70459
0.0700,0.6000,10,110.299,0.69836
0.0700,0.6000,11,94.783,0.69165
0.0700,0.6000,12,111.027,0.69067
0.1000,0.6000,1,196.427,0.81860
0.1000,0.6000,2,189.536,0.77734
0.1000,0.6000,3,166.165,0.75867
0.1000,0.6000,4,164.104,0.74744
0.1000,0.6000,5,151.926,0.73315
0.1000,0.6000,6,152.758,0.72351
0.1000,0.6000,7,156.268,0.71704
0.1000,0.6000,8,154.340,0.71106
0.1000,0.6000,9,155.534,0.70398
0.1000,0.6000,10,149.585,0.70044
0.1000,0.6000,11,140.148,0.69604
0.1000,0.6000,12,153.758,0.69250
0.1300,0.6000,1,251.461,0.81116
0.1300,0.6000,2,225.106,0.77332
0.1300,0.6000,3,210.036,0.75354
0.1300,0.6000,4,204.251,0.73950
0.1300,0.6000,5,193.400,0.72729
0.1300,0.6000,6,205.645,0.71667
0.1300,0.6000,7,196.538,0.70984
0.1300,0.6000,8,186.628,0.70288
0.1300,0.6000,9,190.377,0.69751
0.1300,0.6000,10,196.482,0.69531
0.1300,0.6000,11,178.937,0.69080
0.1300,0.6000,12,186.873,0.68738
0.1600,0.6000,1,301.503,0.79736
0.1600,0.6000,2,276.004,0.76709
0.1600,0.6000,3,263.313,0.74890
0.1600,0.6000,4,245.694,0.73364
0.1600,0.6000,5,241.799,0.72278
0.1600,0.6000,6,237.776,0.71277
0.1600,0.6000,7,240.654,0.70642
0.1600,0.6000,8,218.582,0.69678
0.1600,0.6000,9,225.294,0.69324
0.1600,0.6000,10,213.626,0.68872
0.1600,0.6000,11,215.825,0.68396
0.1600,0.6000,12,222.000,0.68091
0.1900,0.6000,1,353.064,0.79773
0.1900,0.6000,2,303.863,0.76624
0.1900,0.6000,3,296.132,0.74780
0.1900,0.6000,4,289.098,0.73450
0.1900,0.6000,5,272.112,0.72229
0.1900,0.6000,6,264.518,0.71582
0.1900,0.6000,7,269.688,0.70679
0.1900,0.6000,8,273.528,0.70154
0.1900,0.6000,9,259.990,0.69543
0.1900,0.6000,10,259.927,0.69055
0.1900,0.6000,11,261.022,0.68591
0.1900,0.6000,12,254.050,0.68237
0.2200,0.6000,1,395.135,0.78943
0.2200,0.6000,2,354.950,0.76160
0.2200,0.6000,3,330.011,0.73962
0.2200,0.6000,4,323.540,0.72400
0.2200,0.6000,5,314.497,0.71594
0.2200,0.6000,6,314.328,0.70740
0.2200,0.6000,7,294.737,0.70142
0.2200,0.6000,8,282.546,0.69556
0.2200,0.6000,9,271.103,0.68689
0.2200,0.6000,10,288.126,0.68323
0.2200,0.6000,11,288.542,0.67969
0.2200,0.6000,12,277.790,0.67700
0.2500,0.6000,1,453.900,0.79004
0.2500,0.6000,2,389.196,0.76074
0.2500,0.6000,3,373.078,0.73938
0.2500,0.6000,4,356.686,0.72729
0.2500,0.6000,5,343.271,0.71606
0.2500,0.6000,6,346.603,0.70752
0.2500,0.6000,7,331.461,0.69971
0.2500,0.6000,8,330.233,0.69458
0.2500,0.6000,9,337.760,0.68665
0.2500,0.6000,10,323.211,0.68262
0.2500,0.6000,11,316.726,0.68018
0.2500,0.6000,12,320.988,0.67712
0.2800,0.6000,1,479.204,0.77710
0.2800,0.6000,2,425.647,0.75293
0.2800,0.6000,3,406.626,0.73572
0.2800,0.6000,4,390.053,0.72229
0.2800,0.6000,5,367.088,0.71265
0.2800,0.6000,6,358.796,0.70081
0.2800,0.6000,7,350.826,0.69360
0.2800,0.6000,8,353.817,0.68896
0.2800,0.6000,9,360.177,0.68481
0.2800,0.6000,10,352.579,0.68140
0.2800,0.6000,11,341.797,0.67664
0.2800,0.6000,12,352.207,0.67334
